plaintext,distinct_ciphertexts,collision_groups,max_candidates
00000000,254,254,8
00000001,254,254,8
00000010,254,254,8
00000011,254,254,8
00000100,254,254,8
00000101,254,254,8
00000110,254,254,8
00000111,254,254,8
00001000,254,254,8
00001001,254,254,8
00001010,254,254,8
00001011,254,254,8
00001100,254,254,8
00001101,254,254,8
00001110,254,254,8
00001111,254,254,8
00010000,254,254,8
00010001,254,254,8
00010010,254,254,8
00010011,254,254,8
00010100,254,254,8
00010101,254,254,8
00010110,254,254,8
00010111,254,254,8
00011000,254,254,8
00011001,254,254,8
00011010,254,254,8
00011011,254,254,8
00011100,254,254,8
00011101,254,254,8
00011110,254,254,8
00011111,254,254,8
00100000,254,254,8
00100001,254,254,8
00100010,254,254,8
00100011,254,254,8
00100100,254,254,8
00100101,254,254,8
00100110,254,254,8
00100111,254,254,8
00101000,254,254,8
00101001,254,254,8
00101010,254,254,8
00101011,254,254,8
00101100,254,254,8
00101101,254,254,8
00101110,254,254,8
00101111,254,254,8
00110000,254,254,8
00110001,254,254,8
00110010,254,254,8
00110011,254,254,8
00110100,254,254,8
00110101,254,254,8
00110110,254,254,8
00110111,254,254,8
00111000,254,254,8
00111001,254,254,8
00111010,254,254,8
00111011,254,254,8
00111100,254,254,8
00111101,254,254,8
00111110,254,254,8
00111111,254,254,8
01000000,254,254,8
01000001,254,254,8
01000010,254,254,8
01000011,254,254,8
01000100,254,254,8
01000101,254,254,8
01000110,254,254,8
01000111,254,254,8
01001000,254,254,8
01001001,254,254,8
01001010,254,254,8
01001011,254,254,8
01001100,254,254,8
01001101,254,254,8
01001110,254,254,8
01001111,254,254,8
01010000,254,254,8
01010001,254,254,8
01010010,254,254,8
01010011,254,254,8
01010100,254,254,8
01010101,254,254,8
01010110,254,254,8
01010111,254,254,8
01011000,254,254,8
01011001,254,254,8
01011010,254,254,8
01011011,254,254,8
01011100,254,254,8
01011101,254,254,8
01011110,254,254,8
01011111,254,254,8
01100000,254,254,8
01100001,254,254,8
01100010,254,254,8
01100011,254,254,8
01100100,254,254,8
01100101,254,254,8
01100110,254,254,8
01100111,254,254,8
01101000,254,254,8
01101001,254,254,8
01101010,254,254,8
01101011,254,254,8
01101100,254,254,8
01101101,254,254,8
01101110,254,254,8
01101111,254,254,8
01110000,254,254,8
01110001,254,254,8
01110010,254,254,8
01110011,254,254,8
01110100,254,254,8
01110101,254,254,8
01110110,254,254,8
01110111,254,254,8
01111000,254,254,8
01111001,254,254,8
01111010,254,254,8
01111011,254,254,8
01111100,254,254,8
01111101,254,254,8
01111110,254,254,8
01111111,254,254,8
10000000,254,254,8
10000001,254,254,8
10000010,254,254,8
10000011,254,254,8
10000100,254,254,8
10000101,254,254,8
10000110,254,254,8
10000111,254,254,8
10001000,254,254,8
10001001,254,254,8
10001010,254,254,8
10001011,254,254,8
10001100,254,254,8
10001101,254,254,8
10001110,254,254,8
10001111,254,254,8
10010000,254,254,8
10010001,254,254,8
10010010,254,254,8
10010011,254,254,8
10010100,254,254,8
10010101,254,254,8
10010110,254,254,8
10010111,254,254,8
10011000,254,254,8
10011001,254,254,8
10011010,254,254,8
10011011,254,254,8
10011100,254,254,8
10011101,254,254,8
10011110,254,254,8
10011111,254,254,8
10100000,254,254,8
10100001,254,254,8
10100010,254,254,8
10100011,254,254,8
10100100,254,254,8
10100101,254,254,8
10100110,254,254,8
10100111,254,254,8
10101000,254,254,8
10101001,254,254,8
10101010,254,254,8
10101011,254,254,8
10101100,254,254,8
10101101,254,254,8
10101110,254,254,8
10101111,254,254,8
10110000,254,254,8
10110001,254,254,8
10110010,254,254,8
10110011,254,254,8
10110100,254,254,8
10110101,254,254,8
10110110,254,254,8
10110111,254,254,8
10111000,254,254,8
10111001,254,254,8
10111010,254,254,8
10111011,254,254,8
10111100,254,254,8
10111101,254,254,8
10111110,254,254,8
10111111,254,254,8
11000000,254,254,8
11000001,254,254,8
11000010,254,254,8
11000011,254,254,8
11000100,254,254,8
11000101,254,254,8
11000110,254,254,8
11000111,254,254,8
11001000,254,254,8
11001001,254,254,8
11001010,254,254,8
11001011,254,254,8
11001100,254,254,8
11001101,254,254,8
11001110,254,254,8
11001111,254,254,8
11010000,254,254,8
11010001,254,254,8
11010010,254,254,8
11010011,254,254,8
11010100,254,254,8
11010101,254,254,8
11010110,254,254,8
11010111,254,254,8
11011000,254,254,8
11011001,254,254,8
11011010,254,254,8
11011011,254,254,8
11011100,254,254,8
11011101,254,254,8
11011110,254,254,8
11011111,254,254,8
11100000,254,254,8
11100001,254,254,8
11100010,254,254,8
11100011,254,254,8
11100100,254,254,8
11100101,254,254,8
11100110,254,254,8
11100111,254,254,8
11101000,254,254,8
11101001,254,254,8
11101010,254,254,8
11101011,254,254,8
11101100,254,254,8
11101101,254,254,8
11101110,254,254,8
11101111,254,254,8
11110000,254,254,8
11110001,254,254,8
11110010,254,254,8
11110011,254,254,8
11110100,254,254,8
11110101,254,254,8
11110110,254,254,8
11110111,254,254,8
11111000,254,254,8
11111001,254,254,8
11111010,254,254,8
11111011,254,254,8
11111100,254,254,8
11111101,254,254,8
11111110,254,254,8
11111111,254,254,8
